"book","num","title","title2","originalTitle","composer","composer2","author","author2","theme"
"À toi la gloire",1,"À toi la gloire !",,"Thine be the glory","Haendel, George Frideric","George Frideric Haendel","Budry, Edmond Louis","Edmond Louis Budry","Jésus-Christ : sa résurrection"
"À toi la gloire",2,"O mon Dieu, mon Sauveur",,,"Bourgeois, Louis","Louis Bourgeois","Marot, Clément","Clément Marot","Psaumes"
"À toi la gloire",3,"Je louerai l'Eternel",,,"Fraysse, Claude","Claude Fraysse","Fraysse, Claude","Claude Fraysse","Psaumes"
"À toi la gloire",4,"Reçois favorablement",,"Let the words of my mouth","Inconnu","Inconnu","Jeunesse en Mission","Jeunesse en Mission","Psaumes"
"À toi la gloire",5,"L'Eternel seul est Seigneur",,"Benevento","Webbe, Samuel","Samuel Webbe","Malan, César","César Malan","Psaumes"
"À toi la gloire",6,"Jésus est mon divin Berger",,"The Lord my shephered","Irvine, Jessie Seymour","Jessie Seymour Irvine","Arnéra, Hector","Hector Arnéra","Psaumes"
"À toi la gloire",7,"À toi, mon Dieu, mon coeur monte",,,"Bourgeois, Louis","Louis Bourgeois","Marot, Clément","Clément Marot","Psaumes"
"À toi la gloire",8,"Éternel, fais-moi connaître tes voies",,,"Woerden, Pierre van","Pierre van Woerden","Woerden, Pierre van","Pierre van Woerden","Psaumes"
"À toi la gloire",9,"Réveille-toi, peuple fidèle",,,"Bourgeois, Louis","Louis Bourgeois","Marot, Clément","Clément Marot","Psaumes"
"À toi la gloire",10,"L'Eternel seul est ma lumière",,,"Haydn, Franz Josef","Franz Josef Haydn","Malan, César","César Malan","Psaumes"
"À toi la gloire",11,"Heureux celui de qui Dieu",,,"Bourgeois, Louis","Louis Bourgeois","Marot, Clément","Clément Marot","Psaumes"
"À toi la gloire",12,"Comme un cerf altéré brame",,,"Bourgeois, Louis","Louis Bourgeois","Bèze, Théodore De","Théodore De Bèze","Psaumes"
"À toi la gloire",13,"Qu'on batte des mains",,,"Bourgeois, Louis","Louis Bourgeois","Bèze, Théodore De","Théodore De Bèze","Psaumes"
"À toi la gloire",14,"Peuples, venez",,,"Bourgeois, Louis","Louis Bourgeois","Bèze, Théodore De","Théodore De Bèze","Psaumes"
"À toi la gloire",15,"Que Dieu se montre seulement",,"Es sind doch selig alle","Greiter, Matthias","Matthias Greiter","Bèze, Théodore De","Théodore De Bèze","Psaumes"
"À toi la gloire",16,"Triomphons, chantons d'allégresse",,"O Zion acclaim your Redeemer","McGranahan, James","James McGranahan","Humbert, Mlle Amélie","Mlle Amélie Humbert","Psaumes"
"À toi la gloire",17,"Seigneur, tu fus notre refuge",,"O God, our help in ages past","Croft, Dr. William","Dr. William Croft","Nicole, Jules-Marcel","Jules-Marcel Nicole","Psaumes"
"À toi la gloire",18,"Roi des Rois, Eternel mon Dieu",,,"Dagues, P.","P. Dagues","Bèze, Théodore De","Théodore De Bèze","Psaumes"
"À toi la gloire",19,"Dieu règne en juste Roi",,,"Psautier 1562","Psautier 1562","Bèze, Théodore De","Théodore De Bèze","Psaumes"
"À toi la gloire",20,"Vous qui sur la terre habitez",,,"Bourgeois, Louis","Louis Bourgeois","Bèze, Théodore De","Théodore De Bèze","Psaumes"
"À toi la gloire",21,"Entonnons un nouveau cantique",,,"Bourgeois, Louis","Louis Bourgeois","Bèze, Théodore De","Théodore De Bèze","Psaumes"
"À toi la gloire",22,"Bénissons Dieu, mon âme",,,"Recueil de Strasbourg","Recueil de Strasbourg","Marot, Clément","Clément Marot","Psaumes"
"À toi la gloire",23,"Bénissez l'Eternel",,"Bless the Lord of my soul","Inconnu","Inconnu","Jeunesse en Mission","Jeunesse en Mission","Psaumes"
"À toi la gloire",24,"O mon âme, exalte et chante !",,"Praise, my Soul","Goss, John","John Goss","Benoit, Claire-Lise de","Claire-Lise de Benoit","Psaumes"
"À toi la gloire",25,"Je chanterai l'Eternel",,,"Hogen, John van den","John van den Hogen","Hogen, John van den","John van den Hogen","Psaumes"
"À toi la gloire",26,"J'aime mon Dieu",,,"Dagues, P.","P. Dagues","Bèze, Théodore De","Théodore De Bèze","Psaumes"
"À toi la gloire",27,"Voici le Jour",,,"Inconnu","Inconnu","Inconnu","Inconnu","Psaumes"
"À toi la gloire",28,"Rendez à Dieu l'honneur suprême",,,"Bourgeois, Louis","Louis Bourgeois","Marot, Clément","Clément Marot","Psaumes"
"À toi la gloire",29,"Dieu, je te loue",,,"Air israëlien","Air israëlien","Woerden, Pierre van","Pierre van Woerden","Psaumes"
"À toi la gloire",30,"J'entrerai dans ses portes",,,"Inconnu","Inconnu","Lachat, Pierre","Pierre Lachat","Psaumes"
"À toi la gloire",31,"Ah ! qu'il est doux pour des frères !",,"Hiné Matov","Air hébraïque","Air hébraïque","Glardon, Christian","Christian Glardon","Psaumes"
"À toi la gloire",32,"Je lève les yeux",,,"Goudimel, Claude","Claude Goudimel","Decoppet, Auguste Louis","Auguste Louis Decoppet","Psaumes"
"À toi la gloire",33,"Au fort de ma détresse",,,"Strasbourg 1539","Strasbourg 1539","Marot, Clément","Clément Marot","Psaumes"
"À toi la gloire",34,"Il faut, grand Dieu",,,"Bourgeois, Louis","Louis Bourgeois","Marot, Clément","Clément Marot","Psaumes"
"À toi la gloire",35,"Dieu fort et grand",,,"Malan, César","César Malan","Lemire, Mme","Mme Lemire","Psaumes"
"À toi la gloire",36,"Loué soit Dieu, le Seigneur",,"Lobe den Herren, den mächtigen König der Ehren","Neander, Joachim","Joachim Neander","Nicole, Jules-Marcel","Jules-Marcel Nicole","Louanges à Dieu"
"À toi la gloire",37,"Seigneur, grand Dieu",,,"Kovats, Dr Louis","Dr Louis Kovats","Wargenau-Saillens, Mme M.","Mme M. Wargenau-Saillens","Louanges à Dieu"
"À toi la gloire",38,"Grand Dieu, nous te bénissons",,"Sun of my soul, Thou Savior Dear ","Ritter, Peter","Peter Ritter","Empeytaz, Henri-Louis","Henri-Louis Empeytaz","Louanges à Dieu"
"À toi la gloire",39,"Grand Dieu, nous te louons",,,"Psautier de Genève","Psautier de Genève","Pictet, Bénédict","Bénédict Pictet","Louanges à Dieu"
"À toi la gloire",40,"Anges du Très-Haut",,"O come, let us sing","Croft, Dr. William","Dr. William Croft","Bersier, Eugène","Eugène Bersier","Louanges à Dieu"
"À toi la gloire",41,"Notre Dieu règne encor !",,,"Suffield, Frederick Willington","Frederick Willington Suffield","Benoit, Claire-Lise de","Claire-Lise de Benoit","Louanges à Dieu"
"À toi la gloire",42,"C'est vers toi que je me tourne",,,"Fraysse, Claude","Claude Fraysse","Hamrat, Leila","Leila Hamrat","Louanges à Dieu"
"À toi la gloire",43,"Saint, saint, saint est l'Eternel",,,"Presbyterian Hymnal","Presbyterian Hymnal","Empeytaz, Henri-Louis","Henri-Louis Empeytaz","Louanges à Dieu"
"À toi la gloire",44,"Saint, saint, saint est le Seigneur",,"Holy holy holy","Prince, Nolene","Nolene Prince","Prince, Nolene","Nolene Prince","Louanges à Dieu"
"À toi la gloire",45,"Nous t'adorons",,"Glorify Thy Name","Adkins, Donna","Donna Adkins","Sutter, Heinz","Heinz Sutter","Louanges à Dieu"
"À toi la gloire",46,"Prosternez-vous",,"Lift up your heads","Fry, Steven","Steven Fry","Fry, Steven","Steven Fry","Louanges à Dieu"
"À toi la gloire",47,"Merci, Seigneur",,"Danke, für diesen guten Morgen","Schneider, Martin Gotthard","Martin Gotthard Schneider","Benoit, Claire-Lise de","Claire-Lise de Benoit","Louanges à Dieu"
"À toi la gloire",48,"Les cieux et la terre",,"O Worship the King all glorious above","Mozart, Wolfgang Amadeus","Wolfgang Amadeus Mozart","Budry, Edmond Louis","Edmond Louis Budry","Louanges à Dieu"
"À toi la gloire",49,"Non point à nous, Seigneur",,,"Bost, Paul-Ami","Paul-Ami Bost","Monod, Théodore","Théodore Monod","Louanges à Dieu"
"À toi la gloire",50,"Tu m'as aimé, Seigneur",,,"Haydn, Michel","Michel Haydn","Chavannes, Frédéric","Frédéric Chavannes","Louanges à Dieu"
"À toi la gloire",51,"Alléluia ! louez l'Eternel !",,,"Schulz, K.","K. Schulz","Schulz, K.","K. Schulz","Louanges à Dieu"
"À toi la gloire",52,"Gloire, gloire, gloire !",,"Nicaea","Dykes, John Bacchus","John Bacchus Dykes","Arnéra, Hector","Hector Arnéra","Louanges à Dieu"
"À toi la gloire",53,"Béni soit à jamais",,,"Psautier de Genève","Psautier de Genève","Pictet, Bénédict","Bénédict Pictet","Louanges à Dieu"
"À toi la gloire",54,"Chantons, chantons sans cesse",,,"Malan, César","César Malan","Clottu, F.-G.","F.-G. Clottu","Louanges à Dieu"
"À toi la gloire",55,"Dieu lui-même, ô mystère",,"Lord of the living harvest","Martin-Hickel, Mme","Mme Martin-Hickel","Monod, Théodore","Théodore Monod","Louanges à Dieu"
"À toi la gloire",56,"Du Rocher de Jacob",,,"Malan, César","César Malan","Malan, César","César Malan","Louanges à Dieu"
"À toi la gloire",57,"O toi dont les bienfaits",,"My Country, 'Tis of Thee","Carey, Henry","Henry Carey","Roehrich, Louis ; Recueil de Durand, Louis","Louis Roehrich ; Recueil de Louis Durand","Louanges à Dieu"
"À toi la gloire",58,"Dieu tout-puissant",,"How great Thou art","Air russe","Air russe","Arnéra, Hector","Hector Arnéra","Louanges à Dieu"
"À toi la gloire",59,"Oui, je veux te bénir",,,"Olivier, François","François Olivier","Dumont, François","François Dumont","Louanges à Dieu"
"À toi la gloire",60,"À celui qui nous a lavés",,"All Hail the Power of Jesus' Name","Shrubsole, William","William Shrubsole","Humbert, Mlle Amélie","Mlle Amélie Humbert","Louanges à Jésus-Christ"
"À toi la gloire",61,"Tout joyeux bénissons le Seigneur",,"The Sweet By and By","Webster, Joseph Philbrick","Joseph Philbrick Webster","Jaulmes, Gédéon","Gédéon Jaulmes","Louanges à Dieu"
"À toi la gloire",62,"L'amour du Sauveur",,,"Foster, C. H.","C. H. Foster","Poulain, H.","H. Poulain","Louanges à Dieu"
"À toi la gloire",63,"L'amour de Dieu",,"The Love of God","Lehman, Frederick Martin","Frederick Martin Lehman","Benoit, Claire-Lise de","Claire-Lise de Benoit","Louanges à Dieu"
"À toi la gloire",64,"À Dieu soit la gloire",,"To God be the glory","Doane, William Howard","William Howard Doane","Schürer, Mlle E.","Mlle E. Schürer","Louanges à Dieu"
"À toi la gloire",65,"Quand les montagnes",,,"Hogen, John van den","John van den Hogen","Hogen, John van den","John van den Hogen","Louanges à Dieu"
"À toi la gloire",66,"Gloire à ton nom, Jésus !",,"Praise the name of Jesus","Hicks, Roy","Roy Hicks","Jeunesse en Mission","Jeunesse en Mission","Louanges à Jésus-Christ"
"À toi la gloire",67,"À l'Agneau sur son trône",,"Diademata","Elvey, George Job","George Job Elvey","Saillens, Ruben","Ruben Saillens","Louanges à Jésus-Christ"
"À toi la gloire",68,"Hosanna, béni soit",,,"Malan, César","César Malan","Malan, César","César Malan","Louanges à Jésus-Christ"
"À toi la gloire",69,"Ma richesse, ma gloire",,"Jerusalem","Purday, Charles Henry","Charles Henry Purday","Bez, Samuel","Samuel Bez","Louanges à Jésus-Christ"
"À toi la gloire",70,"Ton Eglise triomphante",,,"Mountain, James","James Mountain","Saillens, Ruben","Ruben Saillens","Louanges à Jésus-Christ"
"À toi la gloire",71,"Entonnons un saint cantique",,"Wachet auf, ruft uns die Stimme","Nicolaï, Philippe","Philippe Nicolaï","Monnier, J.-F.","J.-F. Monnier","Louanges à Jésus-Christ"
"À toi la gloire",72,"Rien n'est comparable",,,"Inconnu","Inconnu","Inconnu","Inconnu","Louanges à Jésus-Christ"
"À toi la gloire",73,"Jésus, à toi la gloire !",,"Ten Thousand Thanks to Jesus","Kirkpatrick, William James","William James Kirkpatrick","Blocher, Jacques-A.","Jacques-A. Blocher","Louanges à Jésus-Christ"
"À toi la gloire",74,"Vers toi monte notre hommage",,,"Air anglais","Air anglais","Budry, Edmond Louis","Edmond Louis Budry","Louanges à Jésus-Christ"
"À toi la gloire",75,"Oh ! que toute la terre entonne",,,"Air écossais","Air écossais","Booth-Clibborn, Arthur Sydney","Arthur Sydney Booth-Clibborn","Louanges à Jésus-Christ"
"À toi la gloire",76,"Seigneur, que n'ai-je mille voix",,"O for a thousand tongues","Jarman, Thomas","Thomas Jarman","Saillens, Ruben","Ruben Saillens","Louanges à Jésus-Christ"
"À toi la gloire",77,"Jésus-Christ seul demeure",,,"Inconnu","Inconnu","Nicole, Jules-Marcel","Jules-Marcel Nicole","Louanges à Jésus-Christ"
"À toi la gloire",78,"Dans les cieux et sur la terre",,"Take the Name of Jesus with You","Doane, William Howard","William Howard Doane","Jaulmes, Gédéon","Gédéon Jaulmes","Louanges à Jésus-Christ"
"À toi la gloire",79,"O nom divin, nom rédempteur",,,"Jude, William Herbert","William Herbert Jude","Rochedieu, Charles","Charles Rochedieu","Louanges à Jésus-Christ"
"À toi la gloire",80,"Par tous les saints glorifié",,"Deemster","Owen, William","William Owen","Saillens, Ruben","Ruben Saillens","Louanges à Dieu"
"À toi la gloire",81,"Ton nom, Seigneur Jésus",,"His name is higher","Inconnu","Inconnu","Jeunesse en Mission","Jeunesse en Mission","Louanges à Jésus-Christ"
"À toi la gloire",82,"Majesté",,"Majesty","Hayford, Jack","Jack Hayford","Hayford, Jack","Jack Hayford","Louanges à Jésus-Christ"
"À toi la gloire",83,"Oui, tu es digne",,"Worthy art thou","Richards, Dave","Dave Richards","Jeunesse en Mission","Jeunesse en Mission","Louanges à Jésus-Christ"
"À toi la gloire",84,"Jésus, nous t'adorons !",,"He is exalted","Soto, Bin","Bin Soto","Jeunesse en Mission","Jeunesse en Mission","Louanges à Jésus-Christ"
"À toi la gloire",85,"À celui qui nous aime",,,"Hogen, John van den","John van den Hogen","Hogen, John van den","John van den Hogen","Louanges à Jésus-Christ"
"À toi la gloire",86,"Jésus-Christ est Seigneur",,"He is Lord","Inconnu","Inconnu","Jeunesse en Mission","Jeunesse en Mission","Louanges à Jésus-Christ"
"À toi la gloire",87,"Jésus, c'est le plus beau nom",,"Jesus name above all names","Hearn, Naida","Naida Hearn","Jeunesse en Mission","Jeunesse en Mission","Louanges à Jésus-Christ"
"À toi la gloire",88,"Je crois au Dieu vivant",,"Leoni","Air ancien","Air ancien","Benoit, Claire-Lise de","Claire-Lise de Benoit","Trinité - Doxologies"
"À toi la gloire",89,"Gloire à Dieu, notre Créateur",,,"Bourgeois, Louis","Louis Bourgeois","Inconnu","Inconnu","Trinité - Doxologies"
"À toi la gloire",90,"Gloire à Dieu",,"Gelobt sei Gott im höchsten Thron","Vulpius, Melchior","Melchior Vulpius","Rec. Chants évangéliques","Rec. Chants évangéliques","Trinité - Doxologies"
"À toi la gloire",91,"Donnez louange et gloire",,"Nun lob, mein Seel', den Herren","Kugelmann, Johann","Johann Kugelmann","Ecklin, C.","C. Ecklin","Trinité - Doxologies"
"À toi la gloire",92,"Laisse-moi désormais",,,"Recueil de Lyon","Recueil de Lyon","Conrart, Valentin","Valentin Conrart","Jésus-Christ : sa naissance"
"À toi la gloire",93,"D'un arbre séculaire",,"Es ist ein Ros entsprungen","Praetorius, Michael","Michael Praetorius","Monastier, L.","L. Monastier","Jésus-Christ : sa naissance"
"À toi la gloire",94,"Le peuple qui marchait",,,"Recueil de Montbéliard","Recueil de Montbéliard","Decoppet, Charles","Charles Decoppet","Jésus-Christ : sa naissance"
"À toi la gloire",95,"Noël ! ô doux mystère",,,"Air finlandais","Air finlandais","Benoit, Claire-Lise de","Claire-Lise de Benoit","Jésus-Christ : sa naissance"
"À toi la gloire",96,"Écoutez le chant des anges !",,"Hark! The Herald Angels Sing","Mendelssohn, Felix","Felix Mendelssohn","Budry, Edmond Louis","Edmond Louis Budry","Jésus-Christ : sa naissance"
"À toi la gloire",97,"Terre, chante de joie",,"Come, Thou almighty King","Giardini, Felice de","Felice de Giardini","Saillens, Ruben","Ruben Saillens","Jésus-Christ : sa naissance"
"À toi la gloire",98,"Prince de lumière",,,"Noël hollandais","Noël hollandais","Blocher, Jacques-A.","Jacques-A. Blocher","Jésus-Christ : sa naissance"
"À toi la gloire",99,"O nuit bienveillante",,"O du fröhliche, o du selige","Gabrieli, Giovanni","Giovanni Gabrieli","Falk, Johannes Daniel","Johannes Daniel Falk","Jésus-Christ : sa naissance"
"À toi la gloire",100,"Quand dans la nuit",,,"Air anglais","Air anglais","Blocher, Jacques-A.","Jacques-A. Blocher","Jésus-Christ : sa naissance"
"À toi la gloire",101,"Devant ta crèche, tu me vois",,"Es ist gewisslich an der Zeit","Bach, Johann Sebastian","Johann Sebastian Bach","Ecklin, C.","C. Ecklin","Jésus-Christ : sa naissance"
"À toi la gloire",102,"O peuple fidèle",,"Adeste fideles","Wade, John Francis","John Francis Wade","Recueil de la Confession d'Augsbourg","Recueil de la Confession d'Augsbourg","Jésus-Christ : sa naissance"
"À toi la gloire",103,"Dieu, le tout-puissant Créateur",,,"Recueil Valentin Schumann","Recueil Valentin Schumann","Recueil de la Confession d'Augsbourg","Recueil de la Confession d'Augsbourg","Jésus-Christ : sa naissance"
"À toi la gloire",104,"Salut, blanche étoile",,"Adeste fideles","Wade, John Francis","John Francis Wade","Monod, Théodore","Théodore Monod","Jésus-Christ : sa naissance"
"À toi la gloire",105,"Jésus est né, venez bergers et mages",,,"Naegeli, Hans Georg","Hans Georg Naegeli","Tournier, Louis","Louis Tournier","Jésus-Christ : sa naissance"
"À toi la gloire",106,"Dans le silence de la nuit",,,"Tournier, G.","G. Tournier","Saillens, Ruben","Ruben Saillens","Jésus-Christ : sa naissance"
"À toi la gloire",107,"Chantons d'un cœur joyeux",,"Nun singet und seid froh","Bach, Johann Sebastian","Johann Sebastian Bach","Bochet, H.","H. Bochet","Jésus-Christ : sa naissance"
"À toi la gloire",108,"Les anges dans nos campagnes",,,"Inconnu","Inconnu","Traditionnel","Traditionnel","Jésus-Christ : sa naissance"
"À toi la gloire",109,"Il est né, le divin enfant",,,"Inconnu","Inconnu","Inconnu","Inconnu","Jésus-Christ : sa naissance"
"À toi la gloire",110,"Voici Noël, ô douce nuit",,"Stille Nacht, heilige Nacht","Grüber, Franz Xaver","Franz Xaver Grüber","Mégroz-Cornaz, H.","H. Mégroz-Cornaz","Jésus-Christ : sa naissance"
"À toi la gloire",111,"Écoutez un saint cantique",,"Llanfair","Air gallois","Air gallois","André, Alfred","Alfred André","Jésus-Christ : sa naissance"
"À toi la gloire",112,"Sur la paille fraîche",,"Away in a Manger","Kirkpatrick, William James","William James Kirkpatrick","Wargenau-Saillens, Mme M.","Mme M. Wargenau-Saillens","Jésus-Christ : sa naissance"
"À toi la gloire",113,"Venez, chers enfants",,"Ihr Kinderlein kommet","Schulz, Johann Abraham Peter","Johann Abraham Peter Schulz","Nicole, Jules-Marcel","Jules-Marcel Nicole","Jésus-Christ : sa naissance"
"À toi la gloire",114,"Il est né, le Roi du monde",,"He will hide me","McGranahan, James","James McGranahan","Saillens, Ruben","Ruben Saillens","Jésus-Christ : sa naissance"
"À toi la gloire",115,"Jésus est né",,,"Lapuchin","Lapuchin","Saillens, Ruben","Ruben Saillens","Jésus-Christ : sa naissance"
"À toi la gloire",116,"Noël, Jésus est né",,,"Air anglais","Air anglais","Decorvet-Blocher, Jeanne","Jeanne Decorvet-Blocher","Jésus-Christ : sa naissance"
"À toi la gloire",117,"Chef couvert de blessures",,"O Haupt voll Blut und Wunden","Hassler, Hans Leo","Hans Leo Hassler","Guers, Emile","Emile Guers","Jésus-Christ : ses souffrances"
"À toi la gloire",118,"Sur la croix où tu meurs pour moi",,"Mein Seel, o Gott, muss loben dich","Recueil Bartholomaeus Gesius, 1605","Recueil Bartholomaeus Gesius, 1605","Budry, Edmond Louis","Edmond Louis Budry","Jésus-Christ : ses souffrances"
"À toi la gloire",119,"Rédempteur adorable",,"Aurelia","Wesley, Samuel Sebastian","Samuel Sebastian Wesley","Humbert, Mlle Amélie","Mlle Amélie Humbert","Jésus-Christ : ses souffrances"
"À toi la gloire",120,"Viens, mon âme, et contemple",,"O Welt, ich muss dich lassen","Isaac, Heinrich","Heinrich Isaac","Gerhardt, Paul","Paul Gerhardt","Jésus-Christ : ses souffrances"
"À toi la gloire",121,"Divin Sauveur",,,"Recueil Consécration et Louange","Recueil Consécration et Louange","Favre, Ernest","Ernest Favre","Jésus-Christ : ses souffrances"
"À toi la gloire",122,"Quelle douleur",,,"Recueil de Mayence","Recueil de Mayence","Bonsen, Léopold-Eberhard","Léopold-Eberhard Bonsen","Jésus-Christ : ses souffrances"
"À toi la gloire",123,"Un regard sur ta croix sanglante",,,"Mason, Dr Lowell","Dr Lowell Mason","Rochedieu, Charles","Charles Rochedieu","Jésus-Christ : ses souffrances"
"À toi la gloire",124,"Quand je contemple cette croix",,"Rockingham","Miller, W.-E.","W.-E. Miller","Saillens, Ruben","Ruben Saillens","Jésus-Christ : ses souffrances"
"À toi la gloire",125,"Le Fils de Dieu vint sur la terre",,,"Ackley, Bentley DeForest","Bentley DeForest Ackley","Tissot-Robert, Mme E.","Mme E. Tissot-Robert","Jésus-Christ : ses souffrances"
"À toi la gloire",126,"Pour quel péché, Jésus",,"Herzliebster Jesu","Crüger, Jean","Jean Crüger","Hoseman, Jean-Jacques","Jean-Jacques Hoseman","Jésus-Christ : ses souffrances"
"À toi la gloire",127,"Dans ton amour, divin Sauveur",,"And can it be","Campbell, Thomas","Thomas Campbell","Arnéra, Hector","Hector Arnéra","Jésus-Christ : ses souffrances"
"À toi la gloire",128,"Lève tes yeux et contemple…",,"Turn your eyes upon Jesus","Lemmel, Helen Howarth","Helen Howarth Lemmel","Arnéra, Hector","Hector Arnéra","Jésus-Christ : ses souffrances"
"À toi la gloire",129,"Viens et vois",,"Were you there when they crucified my Lord ?","Negro-spiritual","Negro-spiritual","Arnéra, Hector","Hector Arnéra","Jésus-Christ : ses souffrances"
"À toi la gloire",130,"Sur le mont du Calvaire",,,"Inconnu","Inconnu","Oemkens, Edouard","Edouard Oemkens","Jésus-Christ : ses souffrances"
"À toi la gloire",131,"Mon Rédempteur est vivant",,"Jesus, meine Zuversicht","Crüger, Jean","Jean Crüger","Bonsen, Léopold-Eberhard","Léopold-Eberhard Bonsen","Jésus-Christ : sa résurrection"
"À toi la gloire",132,"Dans sa divine humanité",,"Victory","Palestrina, Giovanni Pierluigi da","Giovanni Pierluigi da Palestrina","Saillens, Ruben","Ruben Saillens","Jésus-Christ : sa résurrection"
"À toi la gloire",133,"Jésus seul est notre vie",,,"Bach, Johann Sebastian","Johann Sebastian Bach","Nicole, Jules-Marcel","Jules-Marcel Nicole","Jésus-Christ : sa résurrection"
"À toi la gloire",134,"Dépouille enfin tes chaînes",,,"Bach, Johann Sebastian","Johann Sebastian Bach","Gerhardt, Paul","Paul Gerhardt","Jésus-Christ : sa résurrection"
"À toi la gloire",135,"Jésus sort de la tombe",,"Du hast, o Herr, dein Leben","Teschner, Melchior","Melchior Teschner","d'Orléans, Théodolph","Théodolph d'Orléans","Jésus-Christ : sa résurrection"
"À toi la gloire",136,"Brisant ses liens funèbres",,"Christ the Lord is risen today","Recueil Lyra Davidica","Recueil Lyra Davidica","Saillens, Ruben","Ruben Saillens","Jésus-Christ : sa résurrection"
"À toi la gloire",137,"Christ est ressuscité",,,"Kuen, Alfred","Alfred Kuen","Monod, Edouard","Edouard Monod","Jésus-Christ : sa résurrection"
"À toi la gloire",138,"Le Seigneur est réellement ressuscité",,,"Squire, Cyril","Cyril Squire","Squire, Cyril","Cyril Squire","Jésus-Christ : sa résurrection"
"À toi la gloire",139,"Jésus vit ! Voici ton Roi !",,,"Air anglais","Air anglais","Saillens, Ruben","Ruben Saillens","Jésus-Christ : sa résurrection"
"À toi la gloire",140,"O Dieu des grâces éternelles !",,"With all my heart my thangs I bring","Bortniansky, Dimitri","Dimitri Bortniansky","Lutteroth, Henri","Henri Lutteroth","Jésus-Christ : son retour"
"À toi la gloire",141,"Monde angoissé, réjouis-toi !",,"Antioch","Haendel, George Frideric","George Frideric Haendel","Arnéra, Hector","Hector Arnéra","Jésus-Christ : son retour"
"À toi la gloire",142,"Oh ! viens bientôt, Emmanuel",,"Veni, veni Emmanuel","Air grégorien","Air grégorien","Ecuyer, Hermann","Hermann Ecuyer","Jésus-Christ : son retour"
"À toi la gloire",143,"Jésus, ton règne sans pareil",,"Rimington","Hatton, John","John Hatton","Saillens, Ruben","Ruben Saillens","Jésus-Christ : son retour"
"À toi la gloire",144,"Sur les collines éternelles",,,"Malan, César","César Malan","Chatelanat, Charles","Charles Chatelanat","Jésus-Christ : son retour"
"À toi la gloire",145,"Pleins d'espoir levons la tête",,"Angels, from the Realms of Glory","Smart, Henry","Henry Smart","Benoit, Claire-Lise de","Claire-Lise de Benoit","Jésus-Christ : son retour"
"À toi la gloire",146,"De concert avec les anges",,"Battle Hymn of the Republic","Steffe, John William","John William Steffe","Nicole, Jules-Marcel","Jules-Marcel Nicole","Jésus-Christ : son retour"
"À toi la gloire",147,"Levons-nous, frères",,"While sheperds watched their flocks","Haendel, George Frideric","George Frideric Haendel","Hoseman, Jean-Jacques","Jean-Jacques Hoseman","Jésus-Christ : son retour"
"À toi la gloire",148,"Dans sa gloire, notre Maître",,"When He cometh","Root, George Frederick","George Frederick Root","Saillens, Ruben","Ruben Saillens","Jésus-Christ : son retour"
"À toi la gloire",149,"Je sais qu'un jour",,,"Mitchell, Hugh","Hugh Mitchell","Inconnu","Inconnu","Jésus-Christ : son retour"
"À toi la gloire",150,"Quel ami fidèle et tendre",,"What a friend we have in Jesus","Converse, Charles Crozat","Charles Crozat Converse","Bonnard, Emile","Emile Bonnard","Jésus-Christ : notre appui et notre guide"
"À toi la gloire",151,"Comme un phare",,"Let the Lower Lights Be Burning","Bliss, Philip-Paul","Philip-Paul Bliss","Saillens, Ruben","Ruben Saillens","Jésus-Christ : notre appui et notre guide"
"À toi la gloire",152,"Il me conduit",,"He Leadeth Me","Bradbury, Willliam Batchelder","Willliam Batchelder Bradbury","Saillens, Ruben","Ruben Saillens","Jésus-Christ : notre appui et notre guide"
"À toi la gloire",153,"Le Tout-Puissant est mon Berger",,"The King of Love my Shepherd is","Dykes, John Bacchus","John Bacchus Dykes","Saillens, Ruben","Ruben Saillens","Jésus-Christ : notre appui et notre guide"
"À toi la gloire",154,"Dieu nous donne sa grâce",,"Trust and Obey","Towner, Daniel Brink","Daniel Brink Towner","Nicole, Jules-Marcel","Jules-Marcel Nicole","Jésus-Christ : notre appui et notre guide"
"À toi la gloire",155,"Jésus est le chemin",,,"Murray, E. S.","E. S. Murray","Murray, E. S.","E. S. Murray","Jésus-Christ : notre appui et notre guide"
"À toi la gloire",156,"O Jésus, mon doux partage",,,"Bach, Johann Sebastian","Johann Sebastian Bach","Blineau, E.","E. Blineau","Jésus-Christ : sa présence et ses bienfaits"
"À toi la gloire",157,"Jésus est au milieu de nous",,,"Sankey, Ira David","Ira David Sankey","Pélaz, Adèle","Adèle Pélaz","Jésus-Christ : sa présence et ses bienfaits"
"À toi la gloire",158,"Par toi, Jésus, la joie abonde",,"Jesus Shall Reign Where'er the Sun","Hatton, John","John Hatton","Saillens, Ruben","Ruben Saillens","Jésus-Christ : sa présence et ses bienfaits"
"À toi la gloire",159,"Ne crains rien, je t'aime",,,"Air anglais","Air anglais","Schürer, Mlle E.","Mlle E. Schürer","Jésus-Christ : sa présence et ses bienfaits"
"À toi la gloire",160,"Jésus-Christ est ma sagesse",,"Close to Thee","Vail, Silas Jones","Silas Jones Vail","Budry, Edmond Louis","Edmond Louis Budry","Jésus-Christ : sa présence et ses bienfaits"
"À toi la gloire",161,"Il vit !",,"He lives","Ackley, Alfred Henry","Alfred Henry Ackley","Benoit, Claire-Lise de","Claire-Lise de Benoit","Jésus-Christ : sa présence et ses bienfaits"
"À toi la gloire",162,"Brillante étoile du matin",,"Wie schön leuchtet der Morgenstern","Nicolaï, Philippe","Philippe Nicolaï","Roehrich, Louis","Louis Roehrich","Jésus-Christ : sa présence et ses bienfaits"
"À toi la gloire",163,"Le Seigneur m'aime",,,"Air allemand","Air allemand","Guillod, Georges","Georges Guillod","Jésus-Christ : son amour"
"À toi la gloire",164,"Jésus, ô nom qui surpasse",,"Now, o now I needs must part","Dowland, John","John Dowland","Saillens, Ruben","Ruben Saillens","Jésus-Christ : son amour"
"À toi la gloire",165,"Jésus est notre ami suprême",,"Oh, How He Loves !","Beaty, Richard-William","Richard-William Beaty","Charrière, Mlle de","Mlle de Charrière","Jésus-Christ : son amour"
"À toi la gloire",166,"Mon Sauveur m'aime",,,"Air espagnol","Air espagnol","Tissot-Robert, Mme E.","Mme E. Tissot-Robert","Jésus-Christ : son amour"
"À toi la gloire",167,"Tant qu'il vit, tant qu'il règne",,,"Air russe","Air russe","Chatelain, Ph.","Ph. Chatelain","Jésus-Christ : son amour"
"À toi la gloire",168,"Redites-moi l'histoire",,"Tell Me the Old, Old Story","Doane, William Howard","William Howard Doane","Saillens, Ruben","Ruben Saillens","Jésus-Christ : son amour"
"À toi la gloire",169,"Dieu est esprit",,,"Lafitte, Corinne","Corinne Lafitte","Lafitte, Corinne","Corinne Lafitte","Saint-Esprit"
"À toi la gloire",170,"En expirant, le Rédempteur",,,"Dykes, John Bacchus","John Bacchus Dykes","Saillens, Ruben","Ruben Saillens","Saint-Esprit"
"À toi la gloire",171,"O Saint-Esprit, descends",,"When I Survey the Wondrous Cross","Recueil Anglais","Recueil Anglais","Pilet, E.","E. Pilet","Saint-Esprit"
"À toi la gloire",172,"Souffle, Esprit de lumière !",,"Breathe on Me, Breath of God","Jackson, Robert","Robert Jackson","Inconnu","Inconnu","Saint-Esprit"
"À toi la gloire",173,"O Saint-Esprit, Esprit du Seigneur",,"O Jesulein süß","Bach, Johann Sebastian","Johann Sebastian Bach","Ecklin, C.","C. Ecklin","Saint-Esprit"
"À toi la gloire",174,"Esprit de Dieu, crée en nous la foi",,,"Walther, Recueil de Johann","Recueil de Johann Walther","Siordet-Ruckert, J.","J. Siordet-Ruckert","Saint-Esprit"
"À toi la gloire",175,"Esprit de Dieu, tout au fond de mon cœur",,,"Squire, Cyril","Cyril Squire","Benoit, Claire-Lise de","Claire-Lise de Benoit","Saint-Esprit"
"À toi la gloire",176,"Viens, Esprit du Dieu vivant !",,"Spirit of the living God","Iverson, Daniel","Daniel Iverson","Inconnu","Inconnu","Saint-Esprit"
"À toi la gloire",177,"Notre Bible tout entière",,,"Air russe","Air russe","Hoffmann, Ch.","Ch. Hoffmann","Bible"
"À toi la gloire",178,"Oh ! que ton joug est facile",,"Now, on land and sea descending","Bortniansky, Dimitri","Dimitri Bortniansky","Maison, Mme de","Mme de Maison","Bible"
"À toi la gloire",179,"Ta Parole, Seigneur",,"Die Wollust dieser Welt","Fritsch, Ahasvérus","Ahasvérus Fritsch","Hoseman, Jean-Jacques","Jean-Jacques Hoseman","Bible"
"À toi la gloire",180,"Divine Parole",,"On our way rejoicing","Havergal, Frances-Ridley","Frances-Ridley Havergal","Fisch, Auguste","Auguste Fisch","Bible"
"À toi la gloire",181,"O Seigneur, bénis la parole",,,"Bost, Paul-Ami","Paul-Ami Bost","Lutteroth, Henri","Henri Lutteroth","Bible"
"À toi la gloire",182,"Pour triompher dans les combats",,"Eternal Father, Strong to Save","Dykes, John Bacchus","John Bacchus Dykes","Bersier, Eugène","Eugène Bersier","Bible"
"À toi la gloire",183,"Ta Parole est la richesse",,,"Kuen, Alfred","Alfred Kuen","Bonnard, Emile","Emile Bonnard","Bible"
"À toi la gloire",184,"O Jésus, tu nous appelles",,"Herz und Herz vereint zusammen","Psautier morave","Psautier morave","Budry, Edmond Louis","Edmond Louis Budry","Eglise universelle"
"À toi la gloire",185,"Sur toi, Pierre angulaire",,,"Recueil de Württemberg","Recueil de Württemberg","Saillens, Ruben","Ruben Saillens","Eglise universelle"
"À toi la gloire",186,"Tu nous aimes, Seigneur",,,"d'Urhan, Chrétien","Chrétien d'Urhan","Lemire, Mme","Mme Lemire","Communion fraternelle"
"À toi la gloire",187,"Béni soit le lien",,"Dennis","Naegeli, Hans Georg","Hans Georg Naegeli","Budry, Edmond Louis","Edmond Louis Budry","Communion fraternelle"
"À toi la gloire",188,"Ensemble nous pouvons chanter",,"All together","Edewards, Abraham","Abraham Edewards","Muller, Ruth","Ruth Muller","Communion fraternelle"
"À toi la gloire",189,"Tous ensemble, amis, chantons",,,"Benoit, Claire-Lise de","Claire-Lise de Benoit","Benoit, Claire-Lise de","Claire-Lise de Benoit","Communion fraternelle"
"À toi la gloire",190,"Je viens, Seigneur, à ce baptême",,,"Mason, Dr Lowell","Dr Lowell Mason","Saillens, Ruben","Ruben Saillens","Baptême"
"À toi la gloire",191,"Mort avec Christ, voilà ma délivrance",,,"Air américain","Air américain","Glardon, Christian","Christian Glardon","Baptême"
"À toi la gloire",192,"Ah ! qu'il est beau de voir des frères",,,"Malan, César","César Malan","Malan, César","César Malan","Sainte-Cène"
"À toi la gloire",193,"J'ai faim, j'ai soif, Jésus",,,"Air autrichien","Air autrichien","Saillens, Ruben","Ruben Saillens","Sainte-Cène"
"À toi la gloire",194,"C'est toi, Jésus, pain de vie",,"Bryn Calfaria","Owen, William","William Owen","Pélaz, Adèle","Adèle Pélaz","Sainte-Cène"
"À toi la gloire",195,"Romps-nous le pain de vie",,"Break Thou the Bread of Life","Sherwin, William Fiske","William Fiske Sherwin","Saillens, Ruben","Ruben Saillens","Sainte-Cène"
"À toi la gloire",196,"O Jésus, Prince généreux",,,"Hus, Jean","Jean Hus","Hus, Jean","Jean Hus","Sainte-Cène"
"À toi la gloire",197,"Qu'aujourd'hui toute la terre",,,"Gabrieli","Gabrieli","Malan, César","César Malan","Culte (début-fin)"
"À toi la gloire",198,"Jour du Seigneur",,"Ach Gott und Herr","Recueil Hymnodus Sacer","Recueil Hymnodus Sacer","Engel, Matthias","Matthias Engel","Culte (début-fin)"
"À toi la gloire",199,"Dans les jours qui viennent",,,"Burnand, Alain","Alain Burnand","Burnand, Alain","Alain Burnand","Bénédiction"
"À toi la gloire",200,"Que la grâce de Dieu",,"May God's Blessing Surround You","Barrows, Cliff","C. Barrows","Lachat, Pierre","Pierre Lachat","Bénédiction"
"À toi la gloire",201,"Que la grâce de notre Seigneur",,,"Gregor, Charles","Charles Gregor","Gregor, Charles","Charles Gregor","Bénédiction"
"À toi la gloire",202,"Reste avec nous",,"Eventide","Monk, William Henry","William Henry Monk","Chaponnière, Francis","Francis Chaponnière","Prière"
"À toi la gloire",203,"Notre Père qui es aux cieux",,,"Kuen, Alfred","Alfred Kuen","Kuen, Alfred","Alfred Kuen","Prière"
"À toi la gloire",204,"Oh ! prends mon âme",,"Hatikva","Air kabyle","Air kabyle","Arnéra, Hector","Hector Arnéra","Prière"
"À toi la gloire",205,"Le Seigneur s'incline",,"Wunderbarer König","Neander, Joachim","Joachim Neander","Nicole, Jules-Marcel","Jules-Marcel Nicole","Prière"
"À toi la gloire",206,"Enseigne-moi",,"Teach Me Thy Way, O Lord","Ramsey, Benjamin Mansell","Benjamin Mansell Ramsey","Demaurex, Ruth","Ruth Demaurex","Prière"
"À toi la gloire",207,"Seigneur, dirige tous mes pas",,,"Monsell-Wolff, Mme","Mme Monsell-Wolff","Francke, August Hermann","August Hermann Francke","Prière"
"À toi la gloire",208,"Soleil de justice",,,"Croft, Dr. William","Dr. William Croft","Psautier morave","Psautier morave","Prière"
"À toi la gloire",209,"Mon Dieu, mon Père",,,"Malan, César","César Malan","Malan, César","César Malan","Prière"
"À toi la gloire",210,"Je m'approche de toi",,,"Inconnu","Inconnu","Pélaz, Adèle","Adèle Pélaz","Prière"
"À toi la gloire",211,"Seigneur, en silence",,"Speak, Lord, in the Stillness","Green, Harold","Harold Green","Budry, Edmond Louis","Edmond Louis Budry","Prière"
"À toi la gloire",212,"Moment si doux de la prière",,,"Mason, Dr Lowell","Dr Lowell Mason","Mégroz-Cornaz, H.","H. Mégroz-Cornaz","Prière"
"À toi la gloire",213,"Chaque jour de ma vie",,,"Malan, César","César Malan","Malan, César","César Malan","Prière"
"À toi la gloire",214,"Demeure par ta grâce",,"Christus der ist mein Leben","Vulpius, Melchior","Melchior Vulpius","Monnier, J.-F.","J.-F. Monnier","Prière"
"À toi la gloire",215,"Toi qui disposes",,"Crusader's Hymn","Willis, Richard Storrs","Richard Storrs Willis","Sautter, Blanche","Blanche Sautter","Prière"
"À toi la gloire",216,"Rends-toi maître de mon âme",,"May the Mind of Christ, My Savior","Barham-Gould, Arthur Cyril","Arthur Cyril Barham-Gould","Budry, Edmond Louis","Edmond Louis Budry","Prière"
"À toi la gloire",217,"Seigneur, dirige et sanctifie",,"Lascia ch'io pianga","Haendel, George Frideric","George Frideric Haendel","Aeschimann, Jules","Jules Aeschimann","Prière"
"À toi la gloire",218,"Oh ! que ta main paternelle",,,"Air allemand","Air allemand","Glardon, Auguste","Auguste Glardon","Prière"
"À toi la gloire",219,"Exauce, ô Père",,"Lascia ch'io pianga","Haendel, George Frideric","George Frideric Haendel","Blocher, Jacques-A.","Jacques-A. Blocher","Prière"
"À toi la gloire",220,"Donne, Seigneur",,,"Dona nobis pacem","Dona nobis pacem","Kuen, Alfred","Alfred Kuen","Prière"
"À toi la gloire",221,"Tiens dans ta main",,"Hold Thou my Hand","Main, Hubert Platt","Hubert Platt Main","Rilliet, L.E.","L.E. Rilliet","Prière"
"À toi la gloire",222,"Oh ! croyez que Dieu vous donne",,"At the Cross There's Room","Lowry, Robert","Robert Lowry","Glardon, Auguste","Auguste Glardon","Evangélisation : appel"
"À toi la gloire",223,"Venez au Sauveur qui vous aime",,"Come to the Savior","Root, George Frederick","George Frederick Root","Glardon, Auguste","Auguste Glardon","Evangélisation : appel"
"À toi la gloire",224,"Le Maître est là",,,"Air hollandais","Air hollandais","Budry, Edmond Louis","Edmond Louis Budry","Evangélisation : appel"
"À toi la gloire",225,"Si vous saviez quel Sauveur je possède",,"I Am Praying for You","Sankey, Ira David","Ira David Sankey","Saillens, Ruben","Ruben Saillens","Evangélisation - Appel"
"À toi la gloire",226,"De la croix, la grâce coule",,,"Air russe","Air russe","Inconnu","Inconnu","Evangélisation - Appel"
"À toi la gloire",227,"J'ai trouvé la paix profonde",,,"Bliss, Philip-Paul","Philip-Paul Bliss","Malan, Colonelle","Colonelle Malan","Evangélisation - Appel"
"À toi la gloire",228,"Viens à Jésus, il t'appelle",,,"Fawcett, John","John Fawcett","Rivier, Théophile","Théophile Rivier","Evangélisation - Appel"
"À toi la gloire",229,"Entends-tu ? Jésus t'appelle",,"Have you any room for Jesus","Williams, C.-C.","C.-C. Williams","Humbert, Mlle Amélie","Mlle Amélie Humbert","Evangélisation - Appel"
"À toi la gloire",230,"Au tribunal Jésus se tient",,,"Stocks, Mary L.","Mary L. Stocks","Blocher, Jacques-A. ; d'après Simpson, P.-B.","Jacques-A. Blocher ; d'après P.-B. Simpson","Evangélisation - Appel"
"À toi la gloire",231,"Une bonne nouvelle",,,"Air télougou","Air télougou","Lelièvre, Jean Wesley","Jean Wesley Lelièvre","Evangélisation - Appel"
"À toi la gloire",232,"Entends-tu le chant joyeux ?",,"Jesus Saves","Kirkpatrick, William James","William James Kirkpatrick","Hunter, M.","M. Hunter","Evangélisation - Appel"
"À toi la gloire",233,"Venez au Prince de la vie",,"With all my heart my thangs I bring","Bortniansky, Dimitri","Dimitri Bortniansky","Empeytaz, Henri-Louis","Henri-Louis Empeytaz","Evangélisation - Appel"
"À toi la gloire",234,"Dans ma misère et mon péché",,,"Bron, W.","W. Bron","Pilet, E.","E. Pilet","Réponse à l'appel"
"À toi la gloire",235,"Dieu a tant aimé le monde",,,"Lachat, Pierre","Pierre Lachat","Lachat, Pierre","Pierre Lachat","Evangélisation - Appel"
"À toi la gloire",236,"Agneau de Dieu, Messager de la grâce",,"Wiegenlied Op. 49 No. 4 (Lullaby)","Brahms, Johannes","Johannes Brahms","Pélaz, Adèle","Adèle Pélaz","Réponse à l'appel"
"À toi la gloire",237,"Jésus, par ton sang précieux",,,"Perkins, Henry Southwick","Henry Southwick Perkins","Humbert, Mlle Amélie","Mlle Amélie Humbert","Réponse à l'appel"
"À toi la gloire",238,"Seigneur, je n'ai rien à t'offrir",,"Take me as I am","Sankey, Ira David","Ira David Sankey","Monod, Edouard","Edouard Monod","Réponse à l'appel"
"À toi la gloire",239,"Miséricorde insondable",,,"Armée du Salut","Armée du Salut","Armée du Salut","Armée du Salut","Réponse à l'appel"
"À toi la gloire",240,"Viens dans mon cœur !",,"Into My Heart","Clarke, Harry Dudley","Harry Dudley Clarke","Arnéra, Hector","Hector Arnéra","Réponse à l'appel"
"À toi la gloire",241,"O Christ, éternel rocher",,"Petra","Redhead, Richard","Richard Redhead","Saillens, Ruben","Ruben Saillens","Réponse à l'appel"
"À toi la gloire",242,"Seigneur Jésus, oh ! purifie",,,"Laster, J.H.","J.H. Laster","Decorvet-Blocher, Jeanne","Jeanne Decorvet-Blocher","Réponse à l'appel"
"À toi la gloire",243,"Tel que je suis, sans rien à moi",,"Woodworth","Bradbury, Willliam Batchelder","Willliam Batchelder Bradbury","Inconnu","Inconnu","Réponse à l'appel"
"À toi la gloire",244,"Je suis à toi",,,"Bonnet, Louis","Louis Bonnet","Scherer, Edmond","Edmond Scherer","Assurance du salut"
"À toi la gloire",245,"Grand Dieu, ta souveraine grâce",,,"Schicht, Johann Gottfried","Johann Gottfried Schicht","Saillens, Ruben","Ruben Saillens","Assurance du salut"
"À toi la gloire",246,"De Dieu l'amour éternel",,"I Am His, and He Is Mine","Mountain, James","James Mountain","Saillens, Ruben","Ruben Saillens","Assurance du salut"
"À toi la gloire",247,"Torrents d'amour et de grâce",,"Ebenezer","Williams, Thomas John","Thomas John Williams","Saillens, Ruben","Ruben Saillens","Assurance du salut"
"À toi la gloire",248,"Je l'ai trouvé",,,"Stebbins, George Coles","George Coles Stebbins","Rochedieu, Charles","Charles Rochedieu","Assurance du salut"
"À toi la gloire",249,"J'ai l'assurance de mon salut",,"Blessed assurance","Knapp, Aline-J.-F.","Aline-J.-F. Knapp","Vala, J.","J. Vala","Assurance du salut"
"À toi la gloire",250,"Quel Sauveur merveilleux",,"He was nailed","Graves, Frederick Arthur","Frederick Arthur Graves","Edlund, Algot","Algot Edlund","Assurance du salut"
"À toi la gloire",251,"O Fils de Dieu, quand ta lumière",,"With all my heart my thangs I bring","Bortniansky, Dimitri","Dimitri Bortniansky","Saillens, Ruben","Ruben Saillens","Assurance du salut"
"À toi la gloire",252,"Seigneur, du sein de ma misère",,,"Bost, Paul-Ami","Paul-Ami Bost","Boissier, Adrien","Adrien Boissier","Aspiration spirituelle"
"À toi la gloire",253,"Jésus, Jésus, viens à moi",,,"Bach, Johann Sebastian","Johann Sebastian Bach","Saillens, Ruben","Ruben Saillens","Aspiration spirituelle"
"À toi la gloire",254,"Mon Sauveur, je voudrais être",,"Watchman, tell us of the night","Parry, Dr Joseph","Dr Joseph Parry","Saillens, Ruben","Ruben Saillens","Aspiration spirituelle"
"À toi la gloire",255,"O mon Sauveur, ô source intarissable",,"Come unto me, when shadows darkly gather","Mendelssohn, Felix","Felix Mendelssohn","Inconnu","Inconnu","Aspiration spirituelle"
"À toi la gloire",256,"Le cri de mon âme",,"Creator Spirit, by Whose Aid","Bortniansky, Dimitri","Dimitri Bortniansky","Saillens, Ruben","Ruben Saillens","Aspiration spirituelle"
"À toi la gloire",257,"C'est toi, Jésus, que recherche mon âme",,,"Malan, César","César Malan","Malan, César","César Malan","Aspiration spirituelle"
"À toi la gloire",258,"Mon Dieu, plus près de toi",,"Bethany","Mason, Dr Lowell","Dr Lowell Mason","Chatelanat, Charles","Charles Chatelanat","Aspiration spirituelle"
"À toi la gloire",259,"Comme une terre altérée",,"There Shall Be Showers of Blessing","McGranahan, James","James McGranahan","Budry, Edmond Louis","Edmond Louis Budry","Aspiration spirituelle"
"À toi la gloire",260,"Jésus, ta sainte présence",,,"Harrison, Mlle Annie","Mlle Annie Harrison","Pélaz, Adèle","Adèle Pélaz","Aspiration spirituelle"
"À toi la gloire",261,"J'ai soif de ta présence",,"I need Thee every hour","Lowry, Robert","Robert Lowry","Glardon, Auguste","Auguste Glardon","Aspiration spirituelle"
"À toi la gloire",262,"Mon coeur voudrait t'aimer",,,"Doane, William Howard","William Howard Doane","Wargenau-Saillens, Mme M.","Mme M. Wargenau-Saillens","Aspiration spirituelle"
"À toi la gloire",263,"Te ressembler, Jésus",,"To be like Jesus","Larsson, John","John Larsson","Gowans, John","John Gowans","Aspiration spirituelle"
"À toi la gloire",264,"O toi qui donnes la vie",,,"Beer, J.","J. Beer","Perrenoud, Marcelle","Marcelle Perrenoud","Aspiration spirituelle"
"À toi la gloire",265,"Seigneur, attire",,,"Morriss, Leila Naylor","Leila Naylor Morriss","Hunter, M.","M. Hunter","Aspiration spirituelle"
"À toi la gloire",266,"Que ta lumière",,,"Inconnu","Inconnu","Kuen, Alfred","Alfred Kuen","Aspiration spirituelle"
"À toi la gloire",267,"Je veux répondre, ô Dieu !",,,"Recueil de Hanovre","Recueil de Hanovre","Roehrich, Louis","Louis Roehrich","Humiliation"
"À toi la gloire",268,"Seigneur, tu donnes ta grâce",,"Lord, I Hear the Showers of Blessing","Bradbury, Willliam Batchelder","Willliam Batchelder Bradbury","Saillens, Ruben","Ruben Saillens","Humiliation"
"À toi la gloire",269,"Nous nous courbons, ô notre Père",,"O Breath of Life","Hammond, Mary Jane","Mary Jane Hammond","Nicole, Jules-Marcel","Jules-Marcel Nicole","Humiliation"
"À toi la gloire",270,"Si mon peuple s'humilie",,"Si mon peuple","Squire, Cyril","Cyril Squire","Squire, Cyril","Cyril Squire","Humiliation"
"À toi la gloire",271,"Brûle, brûle",,"Burning, Burning","Larsson, John","John Larsson","Gowans, John","John Gowans","Consécration"
"À toi la gloire",272,"Cherchez d'abord le royaume de Dieu",,"Seek ye first the Kingdom","Lafferty, Karen","Karen Lafferty","Jeunesse en Mission","Jeunesse en Mission","Consécration"
"À toi la gloire",273,"En mon cœur, j'ai choisi",,"I have decided to follow Jesus","Air des Indes","Air des Indes","Sadhou Sundar Singh","Sadhou Sundar Singh","Consécration"
"À toi la gloire",274,"Qu'il fait bon à ton service",,,"Russel","Russel","Humbert, Mlle Amélie","Mlle Amélie Humbert","Consécration"
"À toi la gloire",275,"C'est mon joyeux service",,"My all is on the altar","Knapp, Aline-J.-F.","Aline-J.-F. Knapp","Monod, Théodore","Théodore Monod","Consécration"
"À toi la gloire",276,"Nous sommes au Seigneur",,,"Haydn, Franz Josef","Franz Josef Haydn","Chatelanat, Charles","Charles Chatelanat","Consécration"
"À toi la gloire",277,"Dans les jours où tout est joie",,,"Tissot-Robert, Mme E.","Mme E. Tissot-Robert","Tissot-Robert, Mme E.","Mme E. Tissot-Robert","Consécration"
"À toi la gloire",278,"Doux Agneau sans tache",,"In the Hour of Trial","Dykes, John Bacchus","John Bacchus Dykes","Saillens, Ruben","Ruben Saillens","Consécration"
"À toi la gloire",279,"J'ai tout quitté pour te suivre",,"Lord, with glowing heart I'd praise Thee","Smart, Henry","Henry Smart","Saillens, Ruben","Ruben Saillens","Consécration"
"À toi la gloire",280,"O Fils de Dieu, mon Sauveur bien-aimé",,,"Beethoven, Ludwig van","Ludwig van Beethoven","Chavannes, Frédéric","Frédéric Chavannes","Consécration"
"À toi la gloire",281,"Rends-moi captif, Seigneur",,"Not what my hands have done","Martin, George William","George William Martin","Saillens, Ruben ; d'après Matheson, George","Ruben Saillens ; d'après George Matheson","Consécration"
"À toi la gloire",282,"Tendre Sauveur, je viens à toi",,"Dear Lord and Father of Mankind","Maker, Frederick Charles","Frederick Charles Maker","Blocher, Jacques-A.","Jacques-A. Blocher","Consécration"
"À toi la gloire",283,"À toi, Seigneur, je m'abandonne",,,"Benoit, Claire-Lise de","Claire-Lise de Benoit","Benoit, Claire-Lise de","Claire-Lise de Benoit","Consécration"
"À toi la gloire",284,"À toi, mon Dieu, je m'abandonne",,,"Guillod, Georges","Georges Guillod","Guillod, Georges","Georges Guillod","Consécration"
"À toi la gloire",285,"Prends ma vie, elle doit être",,"Evening prayer","Stebbins, George Coles","George Coles Stebbins","Saillens, Ruben","Ruben Saillens","Consécration"
"À toi la gloire",286,"Deux mains pour servir",,,"Lemmel, Helen Howarth","Helen Howarth Lemmel","Hunter, James","James Hunter","Consécration"
"À toi la gloire",287,"Ma vie enfin je te donne",,,"Recueil de l'Etoile","Recueil de l'Etoile","Pélaz, Adèle","Adèle Pélaz","Consécration"
"À toi la gloire",288,"La voix du Seigneur m'appelle",,"Where He Leads Me","Carter, Russel-Kelso","Russel-Kelso Carter","Humbert, Mlle Amélie","Mlle Amélie Humbert","Consécration"
"À toi la gloire",289,"Entre tes mains j'abandonne",,"I surrender all","Weeden, Winfield Scott","Winfield Scott Weeden","Rochedieu, Charles","Charles Rochedieu","Consécration"
"À toi la gloire",290,"Seigneur, ta grâce m'appelle",,,"Schulz","Schulz","Budry, Edmond Louis","Edmond Louis Budry","Consécration"
"À toi la gloire",291,"À mon Dieu j'abandonne",,"O Welt, ich muss dich lassen","Isaac, Heinrich","Heinrich Isaac","Psalmodie morave","Psalmodie morave","Consécration"
"À toi la gloire",292,"Que tout genou fléchisse",,,"Nevin, J.-B.","J.-B. Nevin","Pélaz, Adèle","Adèle Pélaz","Consécration"
"À toi la gloire",293,"À tes pieds, ô divin Maître",,"We Shall Sleep, But Not Forever","Vail, Silas Jones","Silas Jones Vail","Budry, Edmond Louis","Edmond Louis Budry","Sanctification"
"À toi la gloire",294,"La croix que Dieu me donne",,,"d'Urhan, Chrétien","Chrétien d'Urhan","Malan, César","César Malan","Sanctification"
"À toi la gloire",295,"Seigneur, ce que je réclame",,,"Heer, J. de","J. de Heer","Booth-Clibborn, Mme","Mme Booth-Clibborn","Sanctification"
"À toi la gloire",296,"Dieu de grâce",,,"Koth, H.","H. Koth","Saillens, Ruben","Ruben Saillens","Sanctification"
"À toi la gloire",297,"Veille au matin",,,"Zuberbuhler, S.","S. Zuberbuhler","Recueil de l'Etoile","Recueil de l'Etoile","Sanctification"
"À toi la gloire",298,"Seigneur, à ton regard de flamme",,"O love that will not let me go","Peace, Dr Albert Lister","Dr Albert Lister Peace","Budry, Edmond Louis","Edmond Louis Budry","Sanctification"
"À toi la gloire",299,"Ah ! donne à mon âme",,,"Bliss, Philip-Paul","Philip-Paul Bliss","Monod, Théodore","Théodore Monod","Sanctification"
"À toi la gloire",300,"J'entends ta douce voix",,"I am Coming, Lord !","Hartsough, Lewis","Lewis Hartsough","Regamey, G.","G. Regamey","Sanctification"
"À toi la gloire",301,"O Dieu, relève-nous !",,"Great is Thy Faithfulness","Runyan, William Marion","William Marion Runyan","Benoit, Claire-Lise de","Claire-Lise de Benoit","Sanctification"
"À toi la gloire",302,"Un chrétien je voudrais être",,"Lord I want to be","Negro-spiritual","Negro-spiritual","Westphal, Ch.","Ch. Westphal","Sanctification"
"À toi la gloire",303,"Au pays d'Egypte, Israël…",,,"Negro-spiritual","Negro-spiritual","Nicole, Jules-Marcel","Jules-Marcel Nicole","Sanctification"
"À toi la gloire",304,"Veille et prie",,"Straf mich nicht in deinem Zorn","Recueil de Dresde","Recueil de Dresde","Siordet-Ruckert, J.","J. Siordet-Ruckert","Sanctification"
"À toi la gloire",305,"Seul refuge de mon âme",,,"Ahlwen, Elsie","Elsie Ahlwen","Inconnu","Inconnu","Amour pour Dieu"
"À toi la gloire",306,"Viens m'apprendre à t'aimer",,,"Bieni, Georges","Georges Bieni","Inconnu","Inconnu","Amour pour Dieu"
"À toi la gloire",307,"O Jésus, je t'aime",,"My Jesus, I Love Thee","Gordon, Adoniram Judson","Adoniram Judson Gordon","Isely, gustave","Gustave Isely","Amour pour Dieu"
"À toi la gloire",308,"Oh ! voir Jésus… !",,"Come unto me, when shadows darkly gather","Mendelssohn, Felix","Felix Mendelssohn","Arnéra, Hector","Hector Arnéra","Amour pour Dieu"
"À toi la gloire",309,"T'aimer Jésus, te connaître",,"Herz und Herz vereint zusammen","Psautier morave","Psautier morave","Guers, Emile","Emile Guers","Confiance en Dieu"
"À toi la gloire",310,"Bienheureux qui t'aime",,"Jesu, meine Freude","Crüger, Jean","Jean Crüger","Cuvier, Charles","Charles Cuvier","Confiance en Dieu"
"À toi la gloire",311,"Pour toi seul en qui j'espère",,"Only Thee","Doane, William Howard","William Howard Doane","Glardon, Auguste","Auguste Glardon","Confiance en Dieu"
"À toi la gloire",312,"Que ton fidèle amour",,,"Malan, César","César Malan","Malan, César","César Malan","Confiance en Dieu"
"À toi la gloire",313,"Jamais Dieu ne délaisse",,"We hail thee now, O Jesus","Maker, Frederick Charles","Frederick Charles Maker","Inconnu","Inconnu","Confiance en Dieu"
"À toi la gloire",314,"Saisis ma main craintive",,"So nimm denn meine Hände","Schilcher, Frédéric","Frédéric Schilcher","Haussmann, Julia von","Julia von Haussmann","Confiance en Dieu"
"À toi la gloire",315,"Quel repos céleste",,"It is Well with my Soul","Bliss, Philip-Paul","Philip-Paul Bliss","Humbert, Mlle Amélie","Mlle Amélie Humbert","Confiance en Dieu"
"À toi la gloire",316,"Celui qui met en Jésus",,"Christ Receiveth Sinful Men","McGranahan, James","James McGranahan","Humbert, Mlle Amélie","Mlle Amélie Humbert","Confiance en Dieu"
"À toi la gloire",317,"Il est un port secourable",,,"Hartsough, Lewis","Lewis Hartsough","Saillens, Ruben","Ruben Saillens","Confiance en Dieu"
"À toi la gloire",318,"Je ne sais pourquoi dans sa grâce",,"I know","McGranahan, James","James McGranahan","Guillod, Georges","Georges Guillod","Confiance en Dieu"
"À toi la gloire",319,"Ah ! si ton sang, si ta mort, si ta vie",,"Grablied","Flemming, Friedrich Ferdinand","Friedrich Ferdinand Flemming","Gregor, Charles","Charles Gregor","Confiance en Dieu"
"À toi la gloire",320,"O Jésus, je me repose",,"Jesus, I Am Resting, Resting","Mountain, James","James Mountain","Saillens, Ruben","Ruben Saillens","Confiance en Dieu"
"À toi la gloire",321,"Dieu nous aime comme un Père",,,"Air suédois","Air suédois","Kuen, Alfred","Alfred Kuen","Confiance en Dieu"
"À toi la gloire",322,"Sur toi je me repose",,"Safe in the Arms of Jesus","Doane, William Howard","William Howard Doane","Monod, Théodore","Théodore Monod","Confiance en Dieu"
"À toi la gloire",323,"Quand ma route est obscure",,"In Christ there is no east and west","Reinagle, Alexander Robert","Alexander Robert Reinagle","Recueil de l'Etoile","Recueil de l'Etoile","Confiance en Dieu"
"À toi la gloire",324,"Comme un fleuve immense",,"Wye Valley","Mountain, James","James Mountain","Schürer, Mlle E.","Mlle E. Schürer","Confiance en Dieu"
"À toi la gloire",325,"Paix, paix parfaite",,"Peace, perfect Peace","Caldbeck, George-Thomas","George-Thomas Caldbeck","Gibson, Helen","Helen Gibson","Confiance en Dieu"
"À toi la gloire",326,"Mort avec Christ d'une mort volontaire",,"Moment by moment","Whittle, Dr Daniel Webster","Dr Daniel Webster Whittle","Saillens, Ruben","Ruben Saillens","Confiance en Dieu"
"À toi la gloire",327,"Mon coeur joyeux",,,"Malan, César","César Malan","Malan, César","César Malan","Confiance en Dieu"
"À toi la gloire",328,"La foi fait tomber sous nos yeux",,,"Psautier suisse allemand","Psautier suisse allemand","Zinzendorf, Nicolaus Ludwig von","Nicolaus Ludwig von Zinzendorf","Confiance en Dieu"
"À toi la gloire",329,"À Jésus je m abandonne",,"Hark! The Herald Angels Sing","Mendelssohn, Felix","Felix Mendelssohn","Glardon, Auguste","Auguste Glardon","Confiance en Dieu"
"À toi la gloire",330,"Christ nous précédant",,,"Kuen, Alfred","Alfred Kuen","Paul, Léon","Léon Paul","Confiance en Dieu"
"À toi la gloire",331,"Repose en paix",,"Finlandia op. 26","Sibelius, Jean","Jean Sibelius","Blocher, Jacques-A.","Jacques-A. Blocher","Confiance en Dieu"
"À toi la gloire",332,"Notre barque est en danger",,"Herr, nun selbst den Wagen halt","Zwingli, Ulrich","Ulrich Zwingli","Meylan, D.","D. Meylan","Confiance en Dieu"
"À toi la gloire",333,"Lève les yeux vers Christ",,,"Air hébraïque","Air hébraïque","Saillens, Ruben","Ruben Saillens","Confiance en Dieu"
"À toi la gloire",334,"Ne te désole point, Sion",,"Nun danket alle Gott","Crüger, Jean","Jean Crüger","Neff, Félix","Félix Neff","Confiance en Dieu"
"À toi la gloire",335,"De quoi t'alarmes-tu, mon cœur ?",,"Was Gott tut, das ist wohlgetan","Gastorius, Séverus","Séverus Gastorius","Engel, Matthias","Matthias Engel","Confiance en Dieu"
"À toi la gloire",336,"Quand le vol de la tempête",,"Count Your Blessings","Excell, Edwin Othello","Edwin Othello Excell","Perenoud, Marcelle","Marcelle Perenoud","Confiance en Dieu"
"À toi la gloire",337,"Marchons avec joie",,"Onward, Christian Soldiers","Sullivan, Arthur","Arthur Sullivan","Jaulmes, Gédéon","Gédéon Jaulmes","Confiance en Dieu"
"À toi la gloire",338,"Déchargez-vous sur Dieu",,,"Hogen, John van den","John van den Hogen","Hogen, John van den","John van den Hogen","Confiance en Dieu"
"À toi la gloire",339,"Mon Dieu est si bon",,"Gud vet om allt","Hörnberg, I.-M.","I.-M. Hörnberg","Lepczinski, H.","H. Lepczinski","Confiance en Dieu"
"À toi la gloire",340,"Dieu vit toujours !",,,"Bach, Johann Sebastian","Johann Sebastian Bach","Saillens, Ruben","Ruben Saillens","Confiance en Dieu"
"À toi la gloire",341,"Chrétien, réjouis-toi !",,"Rejoice the Lord is King","Darwall, John","John Darwall","Benoit, Claire-Lise de","Claire-Lise de Benoit","Joie - bonheur"
"À toi la gloire",342,"O joie immense, infinie !",,,"Beethoven, Ludwig van","Ludwig van Beethoven","Omer, A.","A. Omer","Joie - bonheur"
"À toi la gloire",343,"L'Eternel est ma part",,,"Recueil de Berne","Recueil de Berne","Merle d'Aubigné, Jean Henri","Jean Henri Merle d'Aubigné","Joie - bonheur"
"À toi la gloire",344,"Que ne puis-je, ô mon Dieu",,,"Duvernoy, H.","H. Duvernoy","Monod, Adolphe","Adolphe Monod","Joie - bonheur"
"À toi la gloire",345,"Jésus me demande d'être",,"I'll be a Sunbeam","Excell, Edwin Othello","Edwin Othello Excell","Rochedieu, Charles","Charles Rochedieu","Joie - bonheur"
"À toi la gloire",346,"Oh ! quel bonheur de le connaître",,"I Will Sing Of My Redeemer","McGranahan, James","James McGranahan","Glardon, Auguste","Auguste Glardon","Joie - bonheur"
"À toi la gloire",347,"Dans mon âme un beau soleil brille",,,"Sweney, John Robson","John Robson Sweney","Isely, Gustave","Gustave Isely","Joie - bonheur"
"À toi la gloire",348,"Oh ! quel parfait bonheur !",,,"Gabriel, Charles Hutchinson","Charles Hutchinson Gabriel","Blocher, Mme Madeleine","Mme Madeleine Blocher","Joie - bonheur"
"À toi la gloire",349,"C'est un rempart que notre Dieu",,"Ein feste Burg ist unser Gott","Luther, Martin","Martin Luther","Saillens, Ruben","Ruben Saillens","Combats et victoire"
"À toi la gloire",350,"Lève-toi, vaillante armée !",,"Angels, from the Realms of Glory","Smart, Henry","Henry Smart","Bersier, Eugène","Eugène Bersier","Combats et victoire"
"À toi la gloire",351,"Plus que vainqueurs !",,,"Ambresin, Fr.","Fr. Ambresin","Ambresin, Fr.","Fr. Ambresin","Combats et victoire"
"À toi la gloire",352,"Debout, sainte cohorte",,"Stand up, stand up for Jesus","Webb, George James","George James Webb","Saillens, Ruben","Ruben Saillens","Combats et victoire"
"À toi la gloire",353,"À celui qui sera vainqueur",,"Singing all the time","Stebbins, George Coles","George Coles Stebbins","Humbert, Mlle Amélie","Mlle Amélie Humbert","Combats et victoire"
"À toi la gloire",354,"Le signal de la victoire",,"Hold the Fort","Bliss, Philip-Paul","Philip-Paul Bliss","Barde, Edouard","Edouard Barde","Combats et victoire"
"À toi la gloire",355,"Jusqu'à la mort",,,"Air américain","Air américain","Saillens, Ruben","Ruben Saillens","Combats et victoire"
"À toi la gloire",356,"La lutte suprême",,"Onward, Christian Soldiers","Sullivan, Arthur","Arthur Sullivan","Saillens, Ruben","Ruben Saillens","Combats et victoire"
"À toi la gloire",357,"Il est une sainte guerre",,"Unser Herrscher","Neander, Joachim","Joachim Neander","Monod, Edouard","Edouard Monod","Combats et victoire"
"À toi la gloire",358,"Debout, nous sommes frères !",,"O Lord, Thou Hast Ascended","Mason, Dr Lowell","Dr Lowell Mason","Nicole, Jules-Marcel","Jules-Marcel Nicole","Combats et victoire"
"À toi la gloire",359,"Qui veut pour le Maître ?",,"Who is on the Lord's Side","Goss, John","John Goss","Arnéra, Hector","Hector Arnéra","Combats et victoire"
"À toi la gloire",360,"Pour porter le glaive",,,"Roberts, Caradog","Caradog Roberts","Benoit, Claire-Lise de","Claire-Lise de Benoit","Combats et victoire"
"À toi la gloire",361,"Quel bonheur de marcher avec lui !",,"It's glory just to walk","Lillenas, Haldor","Haldor Lillenas","Omer, A.","A. Omer","Combats et victoire"
"À toi la gloire",362,"Veux-tu briser du péché le pouvoir ?",,"There is Power in the Blood","Jones, Lewis Edgar","Lewis Edgar Jones","Guillod, Georges","Georges Guillod","Combats et victoire"
"À toi la gloire",363,"L'Eternel combattra pour vous",,,"Woerden, Pierre van","Pierre van Woerden","Woerden, Pierre van","Pierre van Woerden","Combats et victoire"
"À toi la gloire",364,"Publiez bien haut la grande nouvelle",,"Whosoever Will","Bliss, Philip-Paul","Philip-Paul Bliss","Glardon, Auguste","Auguste Glardon","A l'œuvre !"
"À toi la gloire",365,"Jésus te confie",,,"Recueil Chants joyeux","Recueil Chants joyeux","Hunter, James","James Hunter","A l'œuvre !"
"À toi la gloire",366,"Travaillons et luttons",,,"Doane, William Howard","William Howard Doane","Humbert, Mlle Amélie","Mlle Amélie Humbert","A l'œuvre !"
"À toi la gloire",367,"Par le nom de Jésus",,,"Air anglais","Air anglais","Benoit, Claire-Lise de","Claire-Lise de Benoit","A l'œuvre !"
"À toi la gloire",368,"La croix reste debout",,"Hallelujah for the Cross","McGranahan, James","James McGranahan","Saillens, Ruben","Ruben Saillens","A l'œuvre !"
"À toi la gloire",369,"Béni sois-tu, tendre Maître !",,"Savior, Like A Shepherd Lead Us","Bradbury, Willliam Batchelder","Willliam Batchelder Bradbury","Mégroz-Cornaz, H.","H. Mégroz-Cornaz","A l'œuvre !"
"À toi la gloire",370,"Peuple de Dieu, proclame",,,"Inconnu","Inconnu","Benoit, Claire-Lise de","Claire-Lise de Benoit","A l'œuvre !"
"À toi la gloire",371,"La voix de Christ nous appelle",,"Out of Darkness into Light","Sankey, Ira David","Ira David Sankey","Saillens, Ruben","Ruben Saillens","A l'œuvre !"
"À toi la gloire",372,"Qu'ils sont beaux sur les montagnes",,,"Air allemand","Air allemand","Recueil Rosselloty","Recueil Rosselloty","A l'œuvre !"
"À toi la gloire",373,"Dès que l'aube dépose",,"Work, for the night is coming","Mason, Dr Lowell","Dr Lowell Mason","Saillens, Ruben","Ruben Saillens","A l'œuvre !"
"À toi la gloire",374,"Vous qui gardez les murs",,,"Malan, César","César Malan","Malan, César","César Malan","A l'œuvre !"
"À toi la gloire",375,"Sentinelle vigilante",,"Guide Me, O Thou Great Jehovah","Hastings, Thomas","Thomas Hastings","Humbert, Mlle Amélie","Mlle Amélie Humbert","A l'œuvre !"
"À toi la gloire",376,"Écoutez l'appel du Berger",,"Bring Them In","Ogden, William Augustine","William Augustine Ogden","Rochedieu, Charles","Charles Rochedieu","A l'œuvre !"
"À toi la gloire",377,"Amis, voulez-vous savoir ?",,,"Kuen, Alfred","Alfred Kuen","Richard, Hortense","Hortense Richard","Témoignage"
"À toi la gloire",378,"Le Seigneur Jésus",,,"Air hollandais","Air hollandais","Blocher, Jacques-A.","Jacques-A. Blocher","Témoignage"
"À toi la gloire",379,"Le ciel était voilé",,,"Air américain","Air américain","Saillens, Ruben","Ruben Saillens","Témoignage"
"À toi la gloire",380,"Salut, montagnes bien-aimées",,,"Roucaute, Louis","Louis Roucaute","Saillens, Ruben","Ruben Saillens","Témoignage"
"À toi la gloire",381,"Seigneur, que la terre entière",,,"Nichol, Henry Ernest","Henry Ernest Nichol","Saillens, Ruben","Ruben Saillens","Réveil"
"À toi la gloire",382,"Sur le chemin de la gloire",,,"Brentano, Clemens","Clemens Brentano","Inconnu","Inconnu","Témoignage"
"À toi la gloire",383,"Divin soleil de justice",,,"Air bohémien","Air bohémien","Nicole, Jules-Marcel","Jules-Marcel Nicole","Réveil"
"À toi la gloire",384,"L'horizon se colore",,,"Ewing, Alexander","Alexander Ewing","Saillens, Ruben","Ruben Saillens","Ciel"
"À toi la gloire",385,"O toi qui fus fondée",,"Jerusalem the Golden","Ewing, Alexander","Alexander Ewing","Saillens, Ruben","Ruben Saillens","Ciel"
"À toi la gloire",386,"Voir mon Sauveur",,"Face to face with Christ","Tullar, Grant Colfax","Grant Colfax Tullar","Rochedieu, Charles","Charles Rochedieu","Ciel"
"À toi la gloire",387,"O Dieu ! nous le plaçons",,,"Rousseau, Jean-Jacques","Jean-Jacques Rousseau","Monod, Edouard","Edouard Monod","Présentation d'un enfant"
"À toi la gloire",388,"Daigne bénir, fidèle et tendre Père",,"Eventide","Monk, William Henry","William Henry Monk","Decoppet, Auguste Louis","Auguste Louis Decoppet","Présentation d'un enfant"
"À toi la gloire",389,"Sur ces époux, Père éternel",,"Wie schön leuchtet der Morgenstern","Nicolaï, Philippe","Philippe Nicolaï","Bersier, Eugène","Eugène Bersier","Mariage"
"À toi la gloire",390,"Seigneur Jésus, céleste frère",,,"Air anglais","Air anglais","Blocher, Jacques-A.","Jacques-A. Blocher","Mariage"
"À toi la gloire",391,"Jésus sois avec vous",,"God be with you till we meet again","Tomer, William Gould","William Gould Tomer","Rochedieu, Charles","Charles Rochedieu","Fuite du temps"
"À toi la gloire",392,"O Seigneur Eternel",,"Nun danket alle Gott","Crüger, Jean","Jean Crüger","Recordon, Charles-François","Charles-François Recordon","Fuite du temps"
"À toi la gloire",393,"Nos fugitives années",,,"Psautier de Strasbourg","Psautier de Strasbourg","Buisson, E.","E. Buisson","Fuite du temps"
"À toi la gloire",394,"Je suis petit, mais…",,,"Malan, César","César Malan","Malan, César","César Malan","Chants pour enfants"
"À toi la gloire",395,"O Dieu, que cette année",,"O Welt, ich muss dich lassen","Isaac, Heinrich","Heinrich Isaac","Bèze, Théodore De","Théodore De Bèze","Fuite du temps"
"À toi la gloire",396,"Nul enfant n'est trop petit",,,"Air américain","Air américain","Mégroz-Cornaz, H.","H. Mégroz-Cornaz","Chants pour enfants"
"À toi la gloire",397,"Je suis la lumière",,"Jesus Bids Us Shine","Excell, Edwin Othello","Edwin Othello Excell","Monod, Théodore","Théodore Monod","Chants pour enfants"
"À toi la gloire",398,"David n'avait rien que sa fronde",,,"Lasserre, Mlle E.","Mlle E. Lasserre","Chambrier, Alice de","Alice de Chambrier","Chants pour enfants"
"À toi la gloire",399,"Dans le calme",,,"C. non Papa","C. non Papa","Kuen, Alfred","Alfred Kuen","Canons"
"À toi la gloire",400,"Par ta Parole",,,"Canon populaire","Canon populaire","Kuen, Alfred","Alfred Kuen","Canons"
